,Grassland,Parkland,V3,Grassland,Parkland,V6
O,0.817945638,0.858521283,NA,0.001,0.001,NA
H,0.944978411,0.953943939,NA,0.001,0.001,NA
EI,0.458887101,0.517535191,NA,0.001,0.001,NA
